asv	refHit	PercID	length	refLenght	Eval		cluster
ASV4	D11_AOB-490-6195;size=3	95.536	448	451	0	717	D11
ASV7	D11_AOB-490-6195;size=3	95.536	448	451	0	717	D11
ASV10	D11_AOB-968-792;size=28	99.33	448	451	0	811	D11
ASV13	D11_AOB-968-792;size=28	99.554	448	451	0	817	D11
ASV14	D11_AOB-968-792;size=28	99.777	448	451	0	822	D11
ASV15	D11_AOB-761-120;size=25	95.536	448	451	0	717	D11
ASV17	D11_AOB-968-792;size=28	99.33	448	451	0	811	D11
ASV20	D11_AOB-490-6195;size=3	98.661	448	451	0	795	D11
ASV21	D11_AOB-80-43;size=38	98.661	448	451	0	795	D11
ASV22	D11_AOB-968-792;size=28	99.107	448	451	0	806	D11
ASV23	D11_AOB-490-6195;size=3	95.089	448	451	0	706	D11
ASV25	D11_AOB-761-120;size=25	100	448	451	0	828	D11
ASV26	D11_AOB-490-6195;size=3	100	448	451	0	828	D11
ASV29	D11_AOB-761-120;size=25	95.759	448	451	0	723	D11
ASV30	D11_AOB-968-792;size=28	99.554	448	451	0	817	D11
ASV36	D11_AOB-80-43;size=38	98.661	448	451	0	795	D11
ASV37	D11_AOB-968-792;size=28	99.107	448	451	0	806	D11
ASV38	D11_AOB-80-43;size=38	99.107	448	451	0	806	D11
ASV40	D11_AOB-490-6195;size=3	93.527	448	451	0	667	D11
ASV41	D11_AOB-761-120;size=25	95.536	448	451	0	717	D11
ASV42	D11_AOB-490-6195;size=3	99.107	448	451	0	806	D11
ASV44	D11_AOB-49-5479;size=3	100	448	451	0	828	D11
ASV45	D11_AOB-80-3;size=382	99.777	448	451	0	822	D11
ASV47	D11_AOB-761-120;size=25	95.312	448	451	0	712	D11
ASV50	D11_AOB-490-6195;size=3	95.312	448	451	0	712	D11
ASV52	D11_AOB-968-792;size=28	99.33	448	451	0	811	D11
ASV54	D11_AOB-761-120;size=25	95.312	448	451	0	712	D11
ASV60	D11_AOB-49-340;size=30	98.884	448	451	0	800	D11
ASV67	D11_AOB-761-120;size=25	99.554	448	451	0	817	D11
ASV71	D11_AOB-49-340;size=30	95.536	448	451	0	717	D11
ASV72	D11_AOB-761-120;size=25	99.554	448	451	0	817	D11
ASV75	D11_AOB-490-6195;size=3	98.438	448	451	0	789	D11
ASV76	D11_AOB-968-792;size=28	99.777	448	451	0	822	D11
ASV78	D11_AOB-490-6195;size=3	98.884	448	451	0	800	D11
ASV82	D11_AOB-490-6195;size=3	96.205	448	451	0	734	D11
ASV86	D11_AOB-490-6195;size=3	99.777	448	451	0	822	D11
ASV100	D11_AOB-80-43;size=38	99.107	448	451	0	806	D11
ASV102	D11_AOB-490-6195;size=3	99.33	448	451	0	811	D11
ASV107	D11_AOB-80-43;size=38	98.661	448	451	0	795	D11
ASV110	D11_AOB-490-6195;size=3	98.661	448	451	0	795	D11
ASV118	D11_AOB-910-778;size=10	100	448	451	0	828	D11
ASV123	D11_AOB-490-6195;size=3	99.777	448	451	0	822	D11
ASV128	D11_AOB-490-6195;size=3	95.312	448	451	0	712	D11
ASV130	D11_AOB-490-6195;size=3	95.089	448	451	0	706	D11
ASV138	D11_AOB-49-340;size=30	89.732	448	451	2.26E-164	573	D11
ASV143	D11_AOB-968-792;size=28	99.554	448	451	0	817	D11
ASV153	D11_AOB-490-6195;size=3	99.554	448	451	0	817	D11
ASV161	D11_AOB-490-6195;size=3	95.312	448	451	0	712	D11
ASV165	D11_AOB-490-6195;size=3	98.661	448	451	0	795	D11
ASV166	D11_AOB-968-792;size=28	99.777	448	451	0	822	D11
ASV174	D11_AOB-490-6195;size=3	98.214	448	451	0	784	D11
ASV177	D11_AOB-80-43;size=38	98.661	448	451	0	795	D11
ASV178	D11_AOB-80-43;size=38	98.438	448	451	0	789	D11
ASV187	D11_AOB-49-340;size=30	97.098	448	451	0	756	D11
ASV190	D11_AOB-49-5479;size=3	99.777	448	451	0	822	D11
ASV196	D11_AOB-490-6195;size=3	99.777	448	451	0	822	D11
ASV204	D11_AOB-49-340;size=30	95.759	448	451	0	723	D11
ASV206	D11_AOB-49-340;size=30	97.098	448	451	0	756	D11
ASV211	D11_AOB-490-6195;size=3	99.107	448	451	0	806	D11
ASV226	D11_AOB-490-6195;size=3	95.982	448	451	0	728	D11
ASV227	D11_AOB-80-43;size=38	98.438	448	451	0	789	D11
ASV233	D11_AOB-490-6195;size=3	99.107	448	451	0	806	D11
ASV246	D11_AOB-968-792;size=28	99.107	448	451	0	806	D11
ASV247	D11_AOB-490-6195;size=3	93.75	448	451	0	673	D11
ASV250	D11_AOB-80-43;size=38	98.661	448	451	0	795	D11
ASV263	D11_AOB-761-120;size=25	95.312	448	451	0	712	D11
ASV270	D11_AOB-490-6195;size=3	98.438	448	451	0	789	D11
ASV271	D11_AOB-490-6195;size=3	99.33	448	451	0	811	D11
ASV283	D11_AOB-968-792;size=28	99.33	448	451	0	811	D11
ASV291	D11_AOB-968-792;size=28	99.554	448	451	0	817	D11
ASV295	D11_AOB-490-6195;size=3	98.214	448	451	0	784	D11
ASV296	D11_AOB-490-6195;size=3	99.33	448	451	0	811	D11
ASV306	D11_AOB-490-6195;size=3	97.768	448	451	0	773	D11
ASV311	D11_AOB-490-6195;size=3	98.438	448	451	0	789	D11
ASV318	D11_AOB-80-6931;size=2	98.661	448	451	0	795	D11
ASV323	D11_AOB-80-3;size=382	100	448	451	0	828	D11
ASV326	D11_AOB-490-6195;size=3	98.438	448	451	0	789	D11
ASV336	D11_AOB-968-792;size=28	98.884	448	451	0	800	D11
ASV349	D11_AOB-968-792;size=28	99.554	448	451	0	817	D11
ASV350	D11_AOB-49-5479;size=3	99.777	448	451	0	822	D11
ASV358	D11_AOB-490-6195;size=3	98.661	448	451	0	795	D11
ASV359	D11_AOB-49-340;size=30	99.33	448	451	0	811	D11
ASV368	D11_AOB-490-6195;size=3	99.777	448	451	0	822	D11
ASV369	D11_AOB-490-6195;size=3	97.991	448	451	0	778	D11
ASV376	D11_AOB-490-6195;size=3	99.33	448	451	0	811	D11
ASV377	D11_AOB-49-9011;size=4	99.554	448	451	0	817	D11
ASV380	D11_AOB-490-6195;size=3	95.089	448	451	0	706	D11
ASV384	D11_AOB-49-9011;size=4	99.33	448	451	0	811	D11
ASV387	D11_AOB-49-340;size=30	97.321	448	451	0	761	D11
ASV401	D11_AOB-490-6195;size=3	99.107	448	451	0	806	D11
ASV404	D11_AOB-490-6195;size=3	98.438	448	451	0	789	D11
ASV408	D11_AOB-490-6195;size=3	99.554	448	451	0	817	D11
ASV420	D11_AOB-490-6195;size=3	98.438	448	451	0	789	D11
ASV445	D11_AOB-490-6195;size=3	98.879	446	451	0	797	D11
ASV453	D11_AOB-49-5479;size=3	99.33	448	451	0	811	D11
ASV456	D11_AOB-80-43;size=38	98.438	448	451	0	789	D11
ASV458	D11_AOB-490-6195;size=3	98.661	448	451	0	795	D11
ASV460	D11_AOB-49-340;size=30	96.429	448	451	0	739	D11
ASV461	D11_AOB-490-14415;size=2	97.991	448	451	0	778	D11
ASV467	D11_AOB-490-6195;size=3	99.33	448	451	0	811	D11
ASV468	D11_AOB-49-9011;size=4	99.777	448	451	0	822	D11
ASV473	D11_AOB-80-6931;size=2	99.107	448	451	0	806	D11
ASV482	D11_AOB-80-43;size=38	98.438	448	451	0	789	D11
ASV493	D11_AOB-80-43;size=38	98.884	448	451	0	800	D11
ASV496	D11_AOB-80-6931;size=2	98.438	448	451	0	789	D11
ASV497	D11_AOB-490-6195;size=3	99.107	448	451	0	806	D11
ASV507	D11_AOB-49-340;size=30	89.286	448	451	4.90E-161	562	D11
ASV512	D11_AOB-490-6195;size=3	98.661	448	451	0	795	D11
ASV518	D11_AOB-490-6195;size=3	99.777	448	451	0	822	D11
ASV530	D11_AOB-490-6195;size=3	99.33	448	451	0	811	D11
ASV539	D11_AOB-490-6195;size=3	94.866	448	451	0	701	D11
ASV540	D11_AOB-80-310;size=107	100	448	451	0	828	D11
ASV544	D11_AOB-490-6195;size=3	98.884	448	451	0	800	D11
ASV548	D11_AOB-490-6195;size=3	98.661	448	451	0	795	D11
ASV558	D11_AOB-49-340;size=30	89.509	448	451	1.05E-162	568	D11
ASV564	D11_AOB-968-792;size=28	99.107	448	451	0	806	D11
ASV570	D11_AOB-80-43;size=38	98.661	448	451	0	795	D11
ASV573	D11_AOB-80-6931;size=2	98.884	448	451	0	800	D11
ASV575	D11_AOB-80-6931;size=2	97.991	448	451	0	778	D11
ASV581	D11_AOB-968-792;size=28	99.33	448	451	0	811	D11
ASV582	D11_AOB-968-792;size=28	98.884	448	451	0	800	D11
ASV584	D11_AOB-968-792;size=28	99.554	448	451	0	817	D11
ASV586	D11_AOB-490-6195;size=3	98.438	448	451	0	789	D11
ASV588	D11_AOB-80-3;size=382	99.554	448	451	0	817	D11
ASV592	D11_AOB-490-6195;size=3	98.438	448	451	0	789	D11
ASV594	D11_AOB-490-6195;size=3	99.33	448	451	0	811	D11
ASV601	D11_AOB-490-6195;size=3	98.214	448	451	0	784	D11
ASV603	D11_AOB-490-6195;size=3	98.438	448	451	0	789	D11
ASV616	D11_AOB-490-6195;size=3	98.884	448	451	0	800	D11
ASV618	D11_AOB-490-6195;size=3	99.33	448	451	0	811	D11
ASV619	D11_AOB-49-340;size=30	98.884	448	451	0	800	D11
ASV620	D11_AOB-490-6195;size=3	97.768	448	451	0	773	D11
ASV622	D11_AOB-490-6195;size=3	98.661	448	451	0	795	D11
ASV627	D11_AOB-490-6195;size=3	99.33	448	451	0	811	D11
ASV629	D11_AOB-968-792;size=28	99.554	448	451	0	817	D11
ASV632	D11_AOB-49-340;size=30	98.661	448	451	0	795	D11
ASV635	D11_AOB-490-6195;size=3	98.884	448	451	0	800	D11
ASV636	D11_AOB-80-43;size=38	95.089	448	451	0	706	D11
ASV651	D11_AOB-490-6195;size=3	98.884	448	451	0	800	D11
ASV652	D11_AOB-490-6195;size=3	98.661	448	451	0	795	D11
ASV656	D11_AOB-49-340;size=30	89.509	448	451	1.05E-162	568	D11
ASV658	D11_AOB-49-5479;size=3	99.777	448	451	0	822	D11
ASV674	D11_AOB-910-778;size=10	97.248	436	439	0	739	D11
ASV675	D11_AOB-968-792;size=28	99.107	448	451	0	806	D11
ASV680	D11_AOB-490-6195;size=3	97.768	448	451	0	773	D11
ASV685	D11_AOB-490-6195;size=3	93.304	448	451	0	662	D11
ASV691	D11_AOB-490-6195;size=3	98.214	448	451	0	784	D11
ASV703	D11_AOB-490-6195;size=3	95.089	448	451	0	706	D11
ASV718	D11_AOB-490-6195;size=3	99.33	448	451	0	811	D11
ASV732	D11_AOB-490-6195;size=3	98.438	448	451	0	789	D11
ASV734	D11_AOB-80-3;size=382	99.777	448	451	0	822	D11
ASV739	D11_AOB-80-6931;size=2	96.875	448	451	0	750	D11
ASV742	D11_AOB-490-6195;size=3	99.107	448	451	0	806	D11
ASV754	D11_AOB-490-6195;size=3	95.759	448	451	0	723	D11
ASV755	D11_AOB-968-792;size=28	96.652	448	451	0	745	D11
ASV767	D11_AOB-490-6195;size=3	99.33	448	451	0	811	D11
ASV768	D11_AOB-49-340;size=30	89.509	448	451	1.05E-162	568	D11
ASV780	D11_AOB-490-14415;size=2	97.991	448	451	0	778	D11
ASV784	D11_AOB-968-792;size=28	99.554	448	451	0	817	D11
ASV787	D11_AOB-49-5479;size=3	99.33	448	451	0	811	D11
ASV793	D11_AOB-968-792;size=28	95.872	436	439	0	706	D11
ASV801	D11_AOB-490-6195;size=3	95.089	448	451	0	706	D11
ASV802	D11_AOB-49-5479;size=3	97.545	448	451	0	767	D11
ASV809	D11_AOB-490-6195;size=3	97.991	448	451	0	778	D11
ASV811	D11_AOB-80-43;size=38	95.312	448	451	0	712	D11
ASV833	D11_AOB-761-779;size=4	97.321	448	451	0	761	D11
ASV852	D11_AOB-761-779;size=4	95.991	449	451	0	728	D11
ASV856	D11_AOB-490-6195;size=3	98.214	448	451	0	784	D11
ASV865	D11_AOB-49-5479;size=3	95.546	449	451	0	717	D11
ASV867	D11_AOB-80-6712;size=3	95.982	448	451	0	728	D11
ASV886	D11_AOB-490-6195;size=3	98.661	448	451	0	795	D11
ASV891	D11_AOB-49-340;size=30	98.661	448	451	0	795	D11
ASV896	D11_AOB-490-6195;size=3	98.884	448	451	0	800	D11
ASV899	D11_AOB-490-7439;size=2	98.661	448	451	0	795	D11
ASV905	D11_AOB-80-6712;size=3	98.438	448	451	0	789	D11
ASV906	D11_AOB-80-6712;size=3	97.768	448	451	0	773	D11
ASV907	D11_AOB-49-5479;size=3	97.768	448	451	0	773	D11
ASV908	D11_AOB-49-5479;size=3	98.214	448	451	0	784	D11
ASV912	D11_AOB-80-6712;size=3	98.214	448	451	0	784	D11
ASV916	D11_AOB-490-7439;size=2	97.545	448	451	0	767	D11
ASV917	D11_AOB-968-792;size=28	96.875	448	451	0	750	D11
ASV923	D11_AOB-49-340;size=30	95.312	448	451	0	712	D11
ASV927	D11_AOB-80-6712;size=3	97.768	448	451	0	773	D11
ASV940	D11_AOB-80-6712;size=3	97.991	448	451	0	778	D11
ASV942	D11_AOB-80-6712;size=3	96.652	448	451	0	745	D11
ASV949	D11_AOB-80-6039;size=2	97.098	448	451	0	756	D11
ASV950	D11_AOB-490-6195;size=3	95.982	448	451	0	728	D11
ASV955	D11_AOB-490-6195;size=3	95.759	448	451	0	723	D11
ASV963	D11_AOB-80-2207;size=2	96.205	448	451	0	734	D11
ASV967	D11_AOB-490-6195;size=3	92.661	436	439	0	628	D11
ASV971	D11_AOB-490-6195;size=3	92.634	448	451	0	645	D11
ASV978	D11_Nitrosospira_multiformis_Nl12_(2737462938)	96.852	413	421	0	691	D11
ASV995	D11_AOB-490-6195;size=3	95.982	448	451	0	728	D11
ASV997	D11_AOB-80-2207;size=2	95.982	448	451	0	728	D11
ASV998	D11_AOB-490-14415;size=2	96.205	448	451	0	734	D11
ASV1004	D11_AOB-761-120;size=25	94.725	436	439	0	678	D11
ASV1012	D11_AOB-490-6195;size=3	93.304	448	451	0	662	D11
ASV1024	D11_AOB-490-6195;size=3	95.312	448	451	0	712	D11
ASV1029	D11_AOB-968-792;size=28	97.321	448	451	0	761	D11
ASV1034	D11_Nitrosospira_multiformis_Nl3_(2737559219)	99.031	413	421	0	741	D11
ASV1035	D11_AOB-80-10634;size=2	92.857	448	451	0	651	D11
ASV1036	D11_AOB-968-792;size=28	94.42	448	451	0	689	D11
ASV1041	D11_AOB-968-792;size=28	95.1	449	451	0	706	D11
ASV1047	D11_AOB-80-6712;size=3	95.536	448	451	0	717	D11
ASV1048	D11_AOB-80-10634;size=2	93.304	448	451	0	662	D11
ASV1055	D11_AOB-80-15367;size=2	96.652	448	451	0	745	D11
ASV1056	D11_AOB-80-15367;size=2	95.982	448	451	0	728	D11
ASV1058	D11_AOB-490-6195;size=3	95.872	436	439	0	706	D11
ASV1061	D11_Nitrosospira_multiformis_Nl8_(2747894627)	98.547	413	421	0	730	D11
ASV1062	D11_AOB-968-792;size=28	95.1	449	451	0	706	D11
ASV1070	D11_AOB-910-778;size=10	94.209	449	451	0	684	D11
ASV1079	D11_AOB-80-6712;size=3	95.089	448	451	0	706	D11
ASV1081	D11_AOB-80-2207;size=2	93.75	448	451	0	673	D11
ASV1083	D11_AOB-968-792;size=28	97.267	439	442	0	745	D11
ASV1086	D11_AOB-80-15367;size=2	95.982	448	451	0	728	D11
ASV1087	D11_AOB-80-15367;size=2	95.759	448	451	0	723	D11
ASV1089	D11_AOB-80-6931;size=2	94.643	448	451	0	695	D11
ASV1091	D11_AOB-80-3446;size=3	95.536	448	451	0	717	D11
ASV6	D12_AOB-490-4536;size=2	97.768	448	451	0	773	D12
ASV16	D12_AOB-490-4536;size=2	97.991	448	451	0	778	D12
ASV19	D12_AOB-343-842;size=9	91.295	448	451	4.80E-176	612	D12
ASV24	D12_AOB-490-4536;size=2	97.768	448	451	0	773	D12
ASV33	D12_AOB-490-2083;size=3	96.429	448	451	0	739	D12
ASV48	D12_AOB-343-842;size=9	89.755	449	451	2.26E-164	573	D12
ASV55	D12_AOB-343-842;size=9	90.848	448	451	1.04E-172	601	D12
ASV57	D12_AOB-343-842;size=9	91.071	448	451	2.23E-174	606	D12
ASV62	D12_AOB-343-842;size=9	90.848	448	451	1.04E-172	601	D12
ASV77	D12_AOB-343-842;size=9	91.295	448	451	4.80E-176	612	D12
ASV89	D12_AOB-910-11289;size=5	96.875	448	451	0	750	D12
ASV94	D12_AOB-490-2083;size=3	96.205	448	451	0	734	D12
ASV101	D12_AOB-910-11289;size=5	96.652	448	451	0	745	D12
ASV114	D12_AOB-490-4536;size=2	97.768	448	451	0	773	D12
ASV115	D12_AOB-968-12133;size=13	96.875	448	451	0	750	D12
ASV132	D12_AOB-343-842;size=9	90.848	448	451	1.04E-172	601	D12
ASV159	D12_AOB-910-11289;size=5	96.205	448	451	0	734	D12
ASV188	D12_AOB-343-842;size=9	91.855	442	445	1.03E-177	617	D12
ASV212	D12_AOB-490-2083;size=3	96.205	448	451	0	734	D12
ASV220	D12_AOB-968-12133;size=13	96.429	448	451	0	739	D12
ASV222	D12_AOB-910-11289;size=5	90.848	448	451	1.04E-172	601	D12
ASV224	D12_AOB-968-12133;size=13	96.652	448	451	0	745	D12
ASV225	D12_AOB-490-2083;size=3	96.429	448	451	0	739	D12
ASV244	D12_AOB-910-11289;size=5	96.429	448	451	0	739	D12
ASV279	D12_AOB-343-842;size=9	91.071	448	451	2.23E-174	606	D12
ASV290	D12_AOB-490-4536;size=2	99.554	448	451	0	817	D12
ASV297	D12_AOB-490-2083;size=3	96.205	448	451	0	734	D12
ASV299	D12_AOB-343-842;size=9	89.732	448	451	2.26E-164	573	D12
ASV300	D12_AOB-343-842;size=9	89.955	448	451	4.87E-166	579	D12
ASV320	D12_AOB-490-4536;size=2	97.545	448	451	0	767	D12
ASV342	D12_AOB-490-4536;size=2	98.214	448	451	0	784	D12
ASV366	D12_AOB-343-842;size=9	89.978	449	451	4.87E-166	579	D12
ASV393	D12_AOB-343-842;size=9	89.955	448	451	4.87E-166	579	D12
ASV394	D12_AOB-343-842;size=9	91.071	448	451	2.23E-174	606	D12
ASV413	D12_AOB-343-842;size=9	89.509	448	451	1.05E-162	568	D12
ASV414	D12_AOB-490-4536;size=2	97.545	448	451	0	767	D12
ASV422	D12_AOB-343-842;size=9	91.629	442	445	4.80E-176	612	D12
ASV426	D12_AOB-343-842;size=9	90.625	448	451	4.83E-171	595	D12
ASV446	D12_AOB-490-4536;size=2	97.768	448	451	0	773	D12
ASV450	D12_AOB-49-12128;size=2	91.518	448	451	1.03E-177	617	D12
ASV474	D12_AOB-490-4536;size=2	97.545	448	451	0	767	D12
ASV484	D12_AOB-490-4536;size=2	98.438	448	451	0	789	D12
ASV490	D12_AOB-490-4536;size=2	97.768	448	451	0	773	D12
ASV500	D12_AOB-490-2083;size=3	96.652	448	451	0	745	D12
ASV515	D12_AOB-343-842;size=9	90.179	448	451	1.05E-167	584	D12
ASV523	D12_AOB-910-11289;size=5	90.625	448	451	4.83E-171	595	D12
ASV526	D12_AOB-910-11289;size=5	91.295	448	451	4.80E-176	612	D12
ASV541	D12_AOB-490-4536;size=2	99.33	448	451	0	811	D12
ASV557	D12_AOB-490-4536;size=2	97.768	448	451	0	773	D12
ASV560	D12_AOB-490-4536;size=2	99.107	448	451	0	806	D12
ASV562	D12_AOB-490-4536;size=2	97.768	448	451	0	773	D12
ASV566	D12_AOB-968-12133;size=13	95.759	448	451	0	723	D12
ASV580	D12_AOB-26-845;size=29	98.884	448	451	0	800	D12
ASV598	D12_AOB-343-842;size=9	90.179	448	451	1.05E-167	584	D12
ASV610	D12_AOB-343-842;size=9	91.295	448	451	4.80E-176	612	D12
ASV611	D12_AOB-490-2083;size=3	95.982	448	451	0	728	D12
ASV645	D12_AOB-490-2083;size=3	96.652	448	451	0	745	D12
ASV648	D12_AOB-343-842;size=9	91.295	448	451	4.80E-176	612	D12
ASV653	D12_AOB-910-11289;size=5	90.402	448	451	2.25E-169	590	D12
ASV657	D12_AOB-343-842;size=9	91.071	448	451	2.23E-174	606	D12
ASV666	D12_AOB-968-12133;size=13	96.652	448	451	0	745	D12
ASV668	D12_AOB-49-12128;size=2	91.741	448	451	2.22E-179	623	D12
ASV682	D12_AOB-26-845;size=29	99.554	448	451	0	817	D12
ASV697	D12_AOB-910-11289;size=5	90.848	448	451	1.04E-172	601	D12
ASV738	D12_AOB-490-4536;size=2	97.545	448	451	0	767	D12
ASV751	D12_AOB-343-842;size=9	90.179	448	451	1.05E-167	584	D12
ASV758	D12_AOB-910-11289;size=5	90.848	448	451	1.04E-172	601	D12
ASV777	D12_AOB-490-4536;size=2	98.884	448	451	0	800	D12
ASV778	D12_AOB-490-2083;size=3	96.205	448	451	0	734	D12
ASV779	D12_AOB-49-12128;size=2	91.518	448	451	1.03E-177	617	D12
ASV795	D12_AOB-343-842;size=9	90.848	448	451	1.04E-172	601	D12
ASV797	D12_AOB-49-12128;size=2	91.741	448	451	2.22E-179	623	D12
ASV823	D12_AOB-490-4536;size=2	91.518	448	451	1.03E-177	617	D12
ASV824	D12_AOB-343-842;size=9	91.403	442	445	2.23E-174	606	D12
ASV825	D12_AOB-910-11289;size=5	90.625	448	451	4.83E-171	595	D12
ASV837	D12_AOB-26-4059;size=6	93.973	448	451	0	678	D12
ASV843	D12_AOB-343-842;size=9	92.081	442	445	2.22E-179	623	D12
ASV855	D12_AOB-910-11289;size=5	91.518	448	451	1.03E-177	617	D12
ASV868	D12_AOB-968-12133;size=13	95.312	448	451	0	712	D12
ASV869	D12_AOB-910-11289;size=5	91.295	448	451	4.80E-176	612	D12
ASV877	D12_AOB-490-4536;size=2	91.518	448	451	1.03E-177	617	D12
ASV890	D12_AOB-26-845;size=29	99.107	448	451	0	806	D12
ASV930	D12_AOB-490-4536;size=2	91.518	448	451	1.03E-177	617	D12
ASV941	D12_AOB-26-92;size=48	97.991	448	451	0	778	D12
ASV947	D12_AOB-343-842;size=9	90.724	442	445	2.25E-169	590	D12
ASV965	D12_AOB-968-12133;size=13	96.205	448	451	0	734	D12
ASV976	D12_AOB-910-11289;size=5	90.625	448	451	4.83E-171	595	D12
ASV999	D12_AOB-26-4059;size=6	94.42	448	451	0	689	D12
ASV1033	D12_AOB-343-842;size=9	91.071	448	451	2.23E-174	606	D12
ASV1045	D12_AOB-490-4536;size=2	95.089	448	451	0	706	D12
ASV1053	D12_AOB-343-842;size=9	96.429	448	451	0	739	D12
ASV1084	D12_AOB-490-2083;size=3	93.75	448	451	0	673	D12
ASV120	D15_AOB-968-40;size=1413	100	448	451	0	828	D15
ASV207	D15_AOB-6-2508;size=5	95.982	448	451	0	728	D15
ASV258	D15_AOB-910-3607;size=16	100	448	451	0	828	D15
ASV348	D15_AOB-968-40;size=1413	99.777	448	451	0	822	D15
ASV585	D15_AOB-490-2544;size=19	98.438	448	451	0	789	D15
ASV589	D15_AOB-910-3607;size=16	99.33	448	451	0	811	D15
ASV600	D15_AOB-968-33;size=344	100	448	451	0	828	D15
ASV609	D15_AOB-910-85;size=30	100	448	451	0	828	D15
ASV690	D15_AOB-968-40;size=1413	100	448	451	0	828	D15
ASV717	D15_AOB-6-2508;size=5	96.205	448	451	0	734	D15
ASV773	D15_AOB-6-2508;size=5	97.098	448	451	0	756	D15
ASV774	D15_AOB-910-3607;size=16	99.107	448	451	0	806	D15
ASV785	D15_AOB-910-3607;size=16	99.777	448	451	0	822	D15
ASV915	D15_AOB-490-2544;size=19	98.214	448	451	0	784	D15
ASV989	D15_AOB-6-2508;size=5	97.098	448	451	0	756	D15
ASV1023	D15_AOB-157-4886;size=2	95.506	445	448	0	712	D15
ASV39	D16_AOB-7-2923;size=12	100	448	451	0	828	D16
ASV63	D16_AOB-7-2923;size=12	99.777	448	451	0	822	D16
ASV65	D16_AOB-49-21813;size=3	99.554	448	451	0	817	D16
ASV68	D16_AOB-968-1202;size=28	100	448	451	0	828	D16
ASV85	D16_AOB-157-9064;size=4	99.777	448	451	0	822	D16
ASV87	D16_AOB-761-4945;size=4	99.777	448	451	0	822	D16
ASV98	D16_AOB-759-372;size=13	99.554	448	451	0	817	D16
ASV112	D16_AOB-910-6918;size=3	100	448	451	0	828	D16
ASV133	D16_AOB-65-1544;size=3	99.554	448	451	0	817	D16
ASV142	D16_AOB-448-5703;size=9	100	448	451	0	828	D16
ASV144	D16_AOB-448-394;size=79	99.777	448	451	0	822	D16
ASV145	D16_AOB-6-2175;size=12	100	448	451	0	828	D16
ASV148	D16_AOB-205-648;size=43	99.33	448	451	0	811	D16
ASV154	D16_AOB-910-2492;size=3	100	448	451	0	828	D16
ASV155	D16_AOB-968-542;size=92	99.777	448	451	0	822	D16
ASV156	D16_AOB-968-196;size=498	100	448	451	0	828	D16
ASV158	D16_AOB-7-1559;size=53	100	448	451	0	828	D16
ASV160	D16_AOB-968-196;size=498	100	446	451	0	824	D16
ASV169	D16_AOB-910-6918;size=3	99.554	448	451	0	817	D16
ASV171	D16_AOB-490-2721;size=34	100	448	451	0	828	D16
ASV179	D16_AOB-49-10964;size=2	100	448	451	0	828	D16
ASV189	D16_AOB-968-2258;size=11	100	448	451	0	828	D16
ASV194	D16_AOB-205-4927;size=11	100	448	451	0	828	D16
ASV198	D16_AOB-910-2806;size=5	99.777	448	451	0	822	D16
ASV214	D16_AOB-448-5703;size=9	99.777	448	451	0	822	D16
ASV219	D16_AOB-490-5656;size=2	99.777	448	451	0	822	D16
ASV229	D16_AOB-205-1011;size=11	99.777	448	451	0	822	D16
ASV230	D16_AOB-761-8428;size=3	100	448	451	0	828	D16
ASV234	D16_AOB-65-1544;size=3	99.554	448	451	0	817	D16
ASV237	D16_AOB-968-6861;size=16	100	448	451	0	828	D16
ASV241	D16_AOB-7-5483;size=7	100	448	451	0	828	D16
ASV243	D16_AOB-49-10964;size=2	99.33	448	451	0	811	D16
ASV252	D16_AOB-103-501;size=141	99.33	448	451	0	811	D16
ASV264	D16_AOB-761-2372;size=8	99.777	448	451	0	822	D16
ASV265	D16_AOB-49-10964;size=2	99.777	448	451	0	822	D16
ASV269	D16_AOB-761-115;size=36	100	448	451	0	828	D16
ASV280	D16_AOB-205-1011;size=11	100	448	451	0	828	D16
ASV284	D16_AOB-968-19;size=330	100	448	451	0	828	D16
ASV285	D16_AOB-5-605;size=4	99.777	448	451	0	822	D16
ASV287	D16_AOB-75-12487;size=4	100	448	451	0	828	D16
ASV288	D16_AOB-65-1504;size=4	99.33	448	451	0	811	D16
ASV289	D16_AOB-910-1756;size=7	100	448	451	0	828	D16
ASV292	D16_AOB-272-21554;size=3	100	448	451	0	828	D16
ASV307	D16_AOB-968-2258;size=11	99.777	448	451	0	822	D16
ASV315	D16_AOB-910-569;size=28	99.777	448	451	0	822	D16
ASV317	D16_AOB-910-6918;size=3	99.554	448	451	0	817	D16
ASV333	D16_AOB-49-190;size=5	99.551	445	448	0	811	D16
ASV345	D16_AOB-49-811;size=3	100	448	451	0	828	D16
ASV354	D16_AOB-65-1504;size=4	99.554	448	451	0	817	D16
ASV362	D16_AOB-49-10964;size=2	99.107	448	451	0	806	D16
ASV367	D16_AOB-49-10964;size=2	99.33	448	451	0	811	D16
ASV373	D16_AOB-7-6840;size=6	99.551	445	448	0	811	D16
ASV374	D16_AOB-272-21554;size=3	99.777	448	451	0	822	D16
ASV375	D16_AOB-6-1073;size=8	99.554	448	451	0	817	D16
ASV382	D16_AOB-65-1544;size=3	99.33	448	451	0	811	D16
ASV385	D16_AOB-448-6794;size=2	100	448	451	0	828	D16
ASV395	D16_AOB-968-98;size=646	99.775	445	448	0	817	D16
ASV396	D16_AOB-910-1331;size=14	99.554	448	451	0	817	D16
ASV398	D16_AOB-205-4927;size=11	99.554	448	451	0	817	D16
ASV399	D16_AOB-761-151;size=18	100	448	451	0	828	D16
ASV400	D16_AOB-910-3203;size=8	99.33	448	451	0	811	D16
ASV411	D16_AOB-103-501;size=141	99.554	448	451	0	817	D16
ASV427	D16_AOB-49-10964;size=2	99.777	448	451	0	822	D16
ASV429	D16_AOB-65-1425;size=5	100	448	451	0	828	D16
ASV430	D16_AOB-910-223;size=95	99.554	448	451	0	817	D16
ASV433	D16_AOB-910-6918;size=3	99.554	448	451	0	817	D16
ASV436	D16_AOB-205-648;size=43	99.107	448	451	0	806	D16
ASV437	D16_AOB-968-999;size=106	100	448	451	0	828	D16
ASV440	D16_AOB-65-9861;size=3	100	448	451	0	828	D16
ASV442	D16_AOB-157-856;size=9	100	448	451	0	828	D16
ASV444	D16_AOB-910-6918;size=3	99.777	448	451	0	822	D16
ASV447	D16_AOB-910-223;size=95	99.777	448	451	0	822	D16
ASV448	D16_AOB-968-1202;size=28	99.777	448	451	0	822	D16
ASV449	D16_AOB-103-501;size=141	100	448	451	0	828	D16
ASV452	D16_AOB-49-9158;size=5	99.777	448	451	0	822	D16
ASV471	D16_AOB-7-2923;size=12	99.33	448	451	0	811	D16
ASV479	D16_AOB-761-1409;size=13	99.777	448	451	0	822	D16
ASV499	D16_AOB-5-2385;size=2	100	448	451	0	828	D16
ASV502	D16_AOB-910-80;size=7	99.777	448	451	0	822	D16
ASV509	D16_AOB-910-223;size=95	99.777	448	451	0	822	D16
ASV510	D16_AOB-761-413;size=6	100	448	451	0	828	D16
ASV511	D16_AOB-49-21813;size=3	99.777	448	451	0	822	D16
ASV513	D16_AOB-49-190;size=5	99.107	448	451	0	806	D16
ASV520	D16_AOB-761-254;size=74	99.554	448	451	0	817	D16
ASV524	D16_AOB-761-897;size=5	100	448	451	0	828	D16
ASV528	D16_AOB-205-4927;size=11	99.777	448	451	0	822	D16
ASV532	D16_AOB-761-8428;size=3	98.661	448	451	0	795	D16
ASV534	D16_AOB-910-6918;size=3	99.554	448	451	0	817	D16
ASV542	D16_AOB-448-1000;size=3	99.554	448	451	0	817	D16
ASV546	D16_AOB-205-648;size=43	99.107	448	451	0	806	D16
ASV551	D16_AOB-761-254;size=74	100	445	448	0	822	D16
ASV552	D16_AOB-761-6494;size=4	99.554	448	451	0	817	D16
ASV553	D16_AOB-910-569;size=28	100	448	451	0	828	D16
ASV554	D16_AOB-7-4443;size=3	99.777	448	451	0	822	D16
ASV565	D16_AOB-205-3913;size=10	99.554	448	451	0	817	D16
ASV576	D16_AOB-761-2539;size=7	99.33	448	451	0	811	D16
ASV578	D16_AOB-490-9237;size=7	100	448	451	0	828	D16
ASV579	D16_AOB-205-4927;size=11	99.777	448	451	0	822	D16
ASV595	D16_AOB-910-422;size=15	100	448	451	0	828	D16
ASV596	D16_AOB-490-5656;size=2	99.554	448	451	0	817	D16
ASV605	D16_AOB-205-3523;size=23	99.33	448	451	0	811	D16
ASV606	D16_AOB-65-1544;size=3	99.33	448	451	0	811	D16
ASV612	D16_AOB-205-2675;size=6	99.554	448	451	0	817	D16
ASV623	D16_AOB-968-5372;size=5	98.438	448	451	0	789	D16
ASV624	D16_AOB-7-610;size=22	99.554	448	451	0	817	D16
ASV642	D16_AOB-910-6918;size=3	99.777	448	451	0	822	D16
ASV646	D16_AOB-968-196;size=498	99.777	448	451	0	822	D16
ASV647	D16_AOB-157-9064;size=4	99.554	448	451	0	817	D16
ASV650	D16_AOB-968-1409;size=50	100	448	451	0	828	D16
ASV654	D16_AOB-205-3523;size=23	99.33	448	451	0	811	D16
ASV659	D16_AOB-272-21554;size=3	99.777	448	451	0	822	D16
ASV669	D16_AOB-490-3867;size=17	100	448	451	0	828	D16
ASV672	D16_AOB-157-136;size=38	99.554	448	451	0	817	D16
ASV679	D16_AOB-968-196;size=498	99.776	446	451	0	819	D16
ASV681	D16_AOB-761-1876;size=19	100	448	451	0	828	D16
ASV686	D16_AOB-103-501;size=141	99.777	448	451	0	822	D16
ASV687	D16_AOB-103-501;size=141	99.777	448	451	0	822	D16
ASV692	D16_AOB-205-1898;size=9	98.884	448	451	0	800	D16
ASV695	D16_AOB-910-6918;size=3	99.777	448	451	0	822	D16
ASV702	D16_AOB-968-6861;size=16	99.777	448	451	0	822	D16
ASV709	D16_AOB-968-12093;size=12	99.777	448	451	0	822	D16
ASV710	D16_AOB-463-1048;size=4	100	448	451	0	828	D16
ASV711	D16_AOB-910-6918;size=3	99.777	448	451	0	822	D16
ASV721	D16_AOB-272-21554;size=3	99.777	448	451	0	822	D16
ASV722	D16_AOB-968-1202;size=28	99.554	448	451	0	817	D16
ASV724	D16_AOB-448-5703;size=9	99.777	448	451	0	822	D16
ASV730	D16_AOB-75-251;size=132	99.33	448	451	0	811	D16
ASV731	D16_AOB-448-5703;size=9	99.777	448	451	0	822	D16
ASV735	D16_AOB-968-5234;size=14	98.661	448	451	0	795	D16
ASV746	D16_AOB-490-5656;size=2	99.107	448	451	0	806	D16
ASV752	D16_AOB-761-254;size=74	99.554	448	451	0	817	D16
ASV759	D16_AOB-759-4870;size=4	100	448	451	0	828	D16
ASV781	D16_AOB-463-1048;size=4	99.107	448	451	0	806	D16
ASV788	D16_AOB-910-1174;size=14	98.427	445	448	0	784	D16
ASV804	D16_AOB-448-5703;size=9	99.554	448	451	0	817	D16
ASV807	D16_AOB-910-1866;size=2	97.545	448	451	0	767	D16
ASV830	D16_AOB-968-232;size=167	99.777	448	451	0	822	D16
ASV839	D16_AOB-490-5656;size=2	99.777	448	451	0	822	D16
ASV840	D16_AOB-157-11619;size=4	97.545	448	451	0	767	D16
ASV845	D16_AOB-761-6494;size=4	99.554	448	451	0	817	D16
ASV857	D16_AOB-463-1524;size=18	98.661	448	451	0	795	D16
ASV884	D16_AOB-157-11619;size=4	96.205	448	451	0	734	D16
ASV894	D16_AOB-910-1866;size=2	96.652	448	451	0	745	D16
ASV901	D16_AOB-910-3452;size=2	97.768	448	451	0	773	D16
ASV903	D16_AOB-157-18057;size=2	95.991	449	451	0	728	D16
ASV909	D16_AOB-157-11619;size=4	97.321	448	451	0	761	D16
ASV910	D16_AOB-49-378;size=2	98.214	448	451	0	784	D16
ASV920	D16_AOB-463-1593;size=4	98.661	448	451	0	795	D16
ASV921	D16_AOB-910-4374;size=2	99.777	448	451	0	822	D16
ASV934	D16_AOB-49-378;size=2	97.098	448	451	0	756	D16
ASV936	D16_AOB-968-5372;size=5	98.884	448	451	0	800	D16
ASV944	D16_AOB-49-10964;size=2	97.545	448	451	0	767	D16
ASV946	D16_AOB-49-378;size=2	97.098	448	451	0	756	D16
ASV953	D16_AOB-910-1866;size=2	96.205	448	451	0	734	D16
ASV956	D16_AOB-910-3452;size=2	98.661	448	451	0	795	D16
ASV958	D16_AOB-910-3452;size=2	98.884	448	451	0	800	D16
ASV968	D16_AOB-778-2102;size=16	97.098	448	451	0	756	D16
ASV972	D16_AOB-463-1593;size=4	99.777	448	451	0	822	D16
ASV973	D16_AOB-157-856;size=9	98.869	442	445	0	789	D16
ASV974	D16_AOB-463-1593;size=4	99.554	448	451	0	817	D16
ASV986	D16_AOB-759-9026;size=2	95.312	448	451	0	712	D16
ASV1000	D16_AOB-910-1866;size=2	99.554	448	451	0	817	D16
ASV1001	D16_AOB-49-378;size=2	96.652	448	451	0	745	D16
ASV1005	D16_AOB-463-1593;size=4	97.098	448	451	0	756	D16
ASV1011	D16_AOB-103-501;size=141	97.768	448	451	0	773	D16
ASV1016	D16_AOB-157-4558;size=2	99.554	448	451	0	817	D16
ASV1019	D16_AOB-7-348;size=67	96.637	446	451	0	741	D16
ASV1031	D16_AOB-75-11489;size=4	96.205	448	451	0	734	D16
ASV1032	D16_AOB-75-11489;size=4	96.429	448	451	0	739	D16
ASV1037	D16_AOB-968-2867;size=8	96.637	446	451	0	741	D16
ASV1040	D16_AOB-463-11042;size=3	95.982	448	451	0	728	D16
ASV1042	D16_AOB-75-11489;size=4	95.759	448	451	0	723	D16
ASV1060	D16_AOB-13-1136;size=12	99.777	448	451	0	822	D16
ASV1063	D16_AOB-463-11042;size=3	95.759	448	451	0	723	D16
ASV1064	D16_AOB-463-11042;size=3	95.982	448	451	0	728	D16
ASV1065	D16_AOB-463-11042;size=3	95.312	448	451	0	712	D16
ASV1066	D16_AOB-463-11042;size=3	95.536	448	451	0	717	D16
ASV1078	D16_AOB-448-4175;size=2	96.606	442	445	0	734	D16
ASV424	D18_AOB-759-2151;size=2	99.777	448	451	0	822	D18
ASV770	D18_AOB-759-2151;size=2	98.655	446	451	0	791	D18
ASV796	D18_AOB-759-2151;size=2	99.327	446	451	0	808	D18
ASV805	D18_AOB-759-2151;size=2	99.103	446	451	0	802	D18
ASV5	D19_AOB-968-133;size=1352	100	448	451	0	828	D19
ASV9	D19_AOB-531-229;size=12	100	448	451	0	828	D19
ASV43	D19_AOB-910-2334;size=3	98.661	448	451	0	795	D19
ASV58	D19_AOB-49-302;size=34	100	448	451	0	828	D19
ASV69	D19_AOB-910-2334;size=3	98.884	448	451	0	800	D19
ASV70	D19_AOB-910-2334;size=3	98.661	448	451	0	795	D19
ASV81	D19_AOB-761-1521;size=32	100	448	451	0	828	D19
ASV103	D19_AOB-910-2334;size=3	98.438	448	451	0	789	D19
ASV113	D19_AOB-761-1521;size=32	99.777	448	451	0	822	D19
ASV122	D19_AOB-968-353;size=96	100	448	451	0	828	D19
ASV152	D19_AOB-910-3711;size=4	100	448	451	0	828	D19
ASV164	D19_AOB-910-2334;size=3	98.438	448	451	0	789	D19
ASV167	D19_AOB-49-23;size=112	100	448	451	0	828	D19
ASV170	D19_AOB-531-229;size=12	99.777	448	451	0	822	D19
ASV185	D19_AOB-759-2938;size=13	99.33	448	451	0	811	D19
ASV199	D19_AOB-531-229;size=12	99.777	448	451	0	822	D19
ASV221	D19_AOB-531-229;size=12	99.777	448	451	0	822	D19
ASV238	D19_AOB-968-133;size=1352	99.777	448	451	0	822	D19
ASV255	D19_AOB-761-2161;size=4	100	448	451	0	828	D19
ASV274	D19_AOB-910-2334;size=3	98.438	448	451	0	789	D19
ASV277	D19_AOB-761-1612;size=5	100	448	451	0	828	D19
ASV294	D19_AOB-205-1524;size=8	99.777	448	451	0	822	D19
ASV303	D19_AOB-910-2849;size=3	97.991	448	451	0	778	D19
ASV340	D19_AOB-910-2334;size=3	98.438	448	451	0	789	D19
ASV351	D19_AOB-448-518;size=58	100	448	451	0	828	D19
ASV357	D19_AOB-759-938;size=2	100	448	451	0	828	D19
ASV372	D19_AOB-910-2334;size=3	98.884	448	451	0	800	D19
ASV381	D19_AOB-448-518;size=58	99.554	448	451	0	817	D19
ASV405	D19_AOB-205-503;size=3	100	448	451	0	828	D19
ASV465	D19_AOB-910-2334;size=3	98.438	448	451	0	789	D19
ASV505	D19_AOB-910-3969;size=6	99.777	448	451	0	822	D19
ASV529	D19_AOB-531-229;size=12	99.777	448	451	0	822	D19
ASV538	D19_AOB-910-2334;size=3	98.438	448	451	0	789	D19
ASV549	D19_AOB-205-1524;size=8	99.554	448	451	0	817	D19
ASV561	D19_AOB-910-2334;size=3	98.884	448	451	0	800	D19
ASV577	D19_AOB-910-2334;size=3	98.214	448	451	0	784	D19
ASV617	D19_AOB-910-2334;size=3	98.438	448	451	0	789	D19
ASV634	D19_AOB-968-133;size=1352	99.777	448	451	0	822	D19
ASV643	D19_AOB-910-2334;size=3	98.438	448	451	0	789	D19
ASV677	D19_AOB-968-133;size=1352	99.777	448	451	0	822	D19
ASV705	D19_AOB-910-2334;size=3	99.107	448	451	0	806	D19
ASV708	D19_AOB-205-787;size=4	99.777	448	451	0	822	D19
ASV782	D19_AOB-279-10;size=220	99.777	448	451	0	822	D19
ASV828	D19_AOB-910-8448;size=2	92.857	448	451	0	651	D19
ASV850	D19_AOB-910-8448;size=2	93.304	448	451	0	662	D19
ASV858	D19_AOB-910-8448;size=2	95.312	448	451	0	712	D19
ASV952	D19_AOB-761-660;size=18	97.098	448	451	0	756	D19
ASV981	D19_AOB-463-3441;size=2	96.429	448	451	0	739	D19
ASV983	D19_AOB-463-527;size=2	92.857	448	451	0	651	D19
ASV996	D19_AOB-910-8448;size=2	92.634	448	451	0	645	D19
ASV1015	D19_AOB-7-8452;size=3	91.518	448	451	1.03E-177	617	D19
ASV1044	D19_AOB-7-8452;size=3	91.91	445	448	2.22E-179	623	D19
ASV1092	D19_AOB-463-3441;size=2	94.866	448	451	0	701	D19
ASV12	D2_AOB-157-1400;size=15	100	448	451	0	828	D2
ASV27	D2_AOB-910-2798;size=19	100	448	451	0	828	D2
ASV28	D2_AOB-910-1336;size=11	99.107	448	451	0	806	D2
ASV35	D2_AOB-272-7489;size=13	99.777	448	451	0	822	D2
ASV49	D2_AOB-490-1878;size=6	99.107	448	451	0	806	D2
ASV51	D2_AOB-157-1523;size=37	100	448	451	0	828	D2
ASV59	D2_AOB-910-2671;size=8	99.107	448	451	0	806	D2
ASV66	D2_AOB-490-11357;size=5	99.777	448	451	0	822	D2
ASV73	D2_AOB-910-2516;size=5	99.554	448	451	0	817	D2
ASV74	D2_AOB-910-133;size=77	99.554	448	451	0	817	D2
ASV80	D2_AOB-910-133;size=77	99.554	448	451	0	817	D2
ASV83	D2_AOB-490-1878;size=6	99.777	448	451	0	822	D2
ASV84	D2_AOB-272-13905;size=4	99.554	448	451	0	817	D2
ASV88	D2_AOB-490-464;size=61	100	448	451	0	828	D2
ASV90	D2_AOB-272-295;size=29	99.777	448	451	0	822	D2
ASV92	D2_AOB-910-133;size=77	99.777	448	451	0	822	D2
ASV95	D2_AOB-272-13905;size=4	99.33	448	451	0	811	D2
ASV96	D2_AOB-910-3153;size=11	99.107	448	451	0	806	D2
ASV97	D2_AOB-910-3153;size=11	100	448	451	0	828	D2
ASV99	D2_AOB-490-1878;size=6	99.33	448	451	0	811	D2
ASV104	D2_AOB-910-133;size=77	99.554	448	451	0	817	D2
ASV108	D2_AOB-910-2671;size=8	99.107	448	451	0	806	D2
ASV116	D2_AOB-910-133;size=77	99.554	448	451	0	817	D2
ASV117	D2_AOB-490-1878;size=6	99.33	448	451	0	811	D2
ASV119	D2_AOB-910-1481;size=17	99.554	448	451	0	817	D2
ASV124	D2_AOB-490-1878;size=6	99.33	448	451	0	811	D2
ASV126	D2_AOB-910-3153;size=11	99.33	448	451	0	811	D2
ASV129	D2_AOB-490-11357;size=5	98.884	448	451	0	800	D2
ASV131	D2_AOB-910-133;size=77	99.107	448	451	0	806	D2
ASV134	D2_AOB-272-13905;size=4	99.554	448	451	0	817	D2
ASV137	D2_AOB-490-1878;size=6	99.554	448	451	0	817	D2
ASV139	D2_AOB-910-133;size=77	99.33	448	451	0	811	D2
ASV141	D2_AOB-272-13905;size=4	99.554	448	451	0	817	D2
ASV146	D2_AOB-490-1878;size=6	99.107	448	451	0	806	D2
ASV147	D2_AOB-490-5;size=48	99.33	448	451	0	811	D2
ASV151	D2_AOB-490-622;size=44	99.554	448	451	0	817	D2
ASV157	D2_AOB-490-1878;size=6	98.884	448	451	0	800	D2
ASV162	D2_AOB-490-464;size=61	99.777	448	451	0	822	D2
ASV163	D2_AOB-490-622;size=44	99.554	448	451	0	817	D2
ASV175	D2_AOB-272-13905;size=4	99.554	448	451	0	817	D2
ASV176	D2_AOB-490-1100;size=9	99.777	448	451	0	822	D2
ASV180	D2_AOB-910-133;size=77	99.554	448	451	0	817	D2
ASV182	D2_AOB-910-1481;size=17	99.107	448	451	0	806	D2
ASV183	D2_AOB-910-1142;size=31	99.554	448	451	0	817	D2
ASV184	D2_AOB-910-3153;size=11	99.33	448	451	0	811	D2
ASV186	D2_AOB-490-3587;size=5	100	448	451	0	828	D2
ASV193	D2_AOB-910-1778;size=22	99.777	448	451	0	822	D2
ASV195	D2_AOB-910-1481;size=17	99.33	448	451	0	811	D2
ASV197	D2_AOB-157-1400;size=15	99.554	448	451	0	817	D2
ASV200	D2_AOB-490-11357;size=5	99.554	448	451	0	817	D2
ASV201	D2_AOB-490-1100;size=9	99.33	448	451	0	811	D2
ASV202	D2_AOB-490-1878;size=6	99.33	448	451	0	811	D2
ASV203	D2_AOB-272-13905;size=4	99.554	448	451	0	817	D2
ASV209	D2_AOB-910-1481;size=17	99.33	448	451	0	811	D2
ASV213	D2_AOB-157-1523;size=37	99.33	448	451	0	811	D2
ASV216	D2_AOB-910-133;size=77	99.554	448	451	0	817	D2
ASV217	D2_AOB-910-338;size=51	100	448	451	0	828	D2
ASV218	D2_AOB-910-1336;size=11	99.777	448	451	0	822	D2
ASV223	D2_AOB-490-1878;size=6	99.554	448	451	0	817	D2
ASV232	D2_AOB-272-13905;size=4	99.33	448	451	0	811	D2
ASV236	D2_AOB-490-11357;size=5	99.554	448	451	0	817	D2
ASV239	D2_AOB-910-338;size=51	99.33	448	451	0	811	D2
ASV240	D2_AOB-910-2250;size=10	99.554	448	451	0	817	D2
ASV242	D2_AOB-910-1142;size=31	99.777	448	451	0	822	D2
ASV245	D2_AOB-910-3153;size=11	99.777	448	451	0	822	D2
ASV256	D2_AOB-157-1400;size=15	99.777	448	451	0	822	D2
ASV257	D2_AOB-910-6885;size=8	98.884	448	451	0	800	D2
ASV267	D2_AOB-490-11357;size=5	99.33	448	451	0	811	D2
ASV275	D2_AOB-490-1878;size=6	99.777	448	451	0	822	D2
ASV276	D2_AOB-910-133;size=77	99.777	448	451	0	822	D2
ASV281	D2_AOB-490-1878;size=6	99.107	448	451	0	806	D2
ASV282	D2_AOB-490-11357;size=5	99.33	448	451	0	811	D2
ASV304	D2_AOB-490-11357;size=5	99.777	448	451	0	822	D2
ASV308	D2_AOB-490-11357;size=5	99.107	448	451	0	806	D2
ASV310	D2_AOB-910-1609;size=39	98.884	448	451	0	800	D2
ASV312	D2_AOB-910-338;size=51	99.554	448	451	0	817	D2
ASV313	D2_AOB-490-4058;size=6	99.107	448	451	0	806	D2
ASV322	D2_AOB-490-1878;size=6	99.107	448	451	0	806	D2
ASV324	D2_AOB-490-1878;size=6	99.554	448	451	0	817	D2
ASV325	D2_AOB-490-4058;size=6	99.777	448	451	0	822	D2
ASV328	D2_AOB-490-2265;size=25	99.107	448	451	0	806	D2
ASV329	D2_AOB-490-2265;size=25	99.554	448	451	0	817	D2
ASV330	D2_AOB-490-1878;size=6	99.777	448	451	0	822	D2
ASV331	D2_AOB-490-663;size=32	99.777	448	451	0	822	D2
ASV332	D2_AOB-490-1626;size=13	99.554	448	451	0	817	D2
ASV335	D2_AOB-910-5663;size=15	99.33	448	451	0	811	D2
ASV338	D2_AOB-272-295;size=29	99.554	448	451	0	817	D2
ASV339	D2_AOB-490-1100;size=9	99.554	448	451	0	817	D2
ASV343	D2_AOB-490-1626;size=13	99.33	448	451	0	811	D2
ASV347	D2_AOB-490-1878;size=6	99.107	448	451	0	806	D2
ASV353	D2_AOB-490-1626;size=13	100	448	451	0	828	D2
ASV356	D2_AOB-910-338;size=51	99.554	448	451	0	817	D2
ASV360	D2_AOB-490-11357;size=5	99.554	448	451	0	817	D2
ASV361	D2_AOB-272-13905;size=4	99.33	448	451	0	811	D2
ASV363	D2_AOB-490-1878;size=6	99.107	448	451	0	806	D2
ASV364	D2_AOB-910-2516;size=5	99.33	448	451	0	811	D2
ASV370	D2_AOB-490-622;size=44	99.107	448	451	0	806	D2
ASV371	D2_AOB-910-338;size=51	99.777	448	451	0	822	D2
ASV378	D2_AOB-272-13905;size=4	99.33	448	451	0	811	D2
ASV386	D2_AOB-910-2250;size=10	99.554	448	451	0	817	D2
ASV389	D2_AOB-490-2265;size=25	99.33	448	451	0	811	D2
ASV390	D2_AOB-910-1609;size=39	99.107	448	451	0	806	D2
ASV397	D2_AOB-490-1100;size=9	99.33	448	451	0	811	D2
ASV402	D2_AOB-490-2265;size=25	99.777	448	451	0	822	D2
ASV403	D2_AOB-490-4058;size=6	99.33	448	451	0	811	D2
ASV406	D2_AOB-272-13905;size=4	99.554	448	451	0	817	D2
ASV407	D2_AOB-910-6173;size=2	99.33	448	451	0	811	D2
ASV409	D2_AOB-448-208;size=2	96.652	448	451	0	745	D2
ASV410	D2_AOB-490-1100;size=9	100	448	451	0	828	D2
ASV412	D2_AOB-910-1481;size=17	99.107	448	451	0	806	D2
ASV415	D2_AOB-490-464;size=61	99.777	448	451	0	822	D2
ASV416	D2_AOB-910-2250;size=10	99.554	448	451	0	817	D2
ASV417	D2_AOB-490-1878;size=6	99.554	448	451	0	817	D2
ASV419	D2_AOB-490-11357;size=5	98.661	448	451	0	795	D2
ASV421	D2_AOB-910-8767;size=4	100	448	451	0	828	D2
ASV423	D2_AOB-910-2516;size=5	99.33	448	451	0	811	D2
ASV428	D2_AOB-910-3153;size=11	99.33	448	451	0	811	D2
ASV431	D2_AOB-910-1142;size=31	99.33	448	451	0	811	D2
ASV434	D2_AOB-272-7489;size=13	99.554	448	451	0	817	D2
ASV438	D2_AOB-490-11357;size=5	99.554	448	451	0	817	D2
ASV439	D2_AOB-490-1100;size=9	99.554	448	451	0	817	D2
ASV441	D2_AOB-968-68;size=760	99.33	448	451	0	811	D2
ASV443	D2_AOB-490-663;size=32	99.777	448	451	0	822	D2
ASV451	D2_AOB-272-13905;size=4	99.33	448	451	0	811	D2
ASV455	D2_AOB-490-11357;size=5	99.554	448	451	0	817	D2
ASV457	D2_AOB-490-11357;size=5	99.33	448	451	0	811	D2
ASV463	D2_AOB-910-6173;size=2	99.107	448	451	0	806	D2
ASV466	D2_AOB-157-1400;size=15	99.777	448	451	0	822	D2
ASV469	D2_AOB-910-1414;size=7	99.33	448	451	0	811	D2
ASV470	D2_AOB-910-133;size=77	99.33	448	451	0	811	D2
ASV472	D2_AOB-910-1414;size=7	99.554	448	451	0	817	D2
ASV476	D2_AOB-272-295;size=29	99.107	448	451	0	806	D2
ASV478	D2_AOB-490-1878;size=6	98.884	448	451	0	800	D2
ASV480	D2_AOB-490-1878;size=6	99.33	448	451	0	811	D2
ASV485	D2_AOB-272-13905;size=4	99.777	448	451	0	822	D2
ASV487	D2_AOB-272-295;size=29	99.107	448	451	0	806	D2
ASV488	D2_AOB-157-1523;size=37	99.777	448	451	0	822	D2
ASV489	D2_AOB-490-1100;size=9	99.33	448	451	0	811	D2
ASV491	D2_AOB-490-454;size=18	99.554	448	451	0	817	D2
ASV495	D2_AOB-272-295;size=29	99.33	448	451	0	811	D2
ASV501	D2_AOB-910-2250;size=10	99.554	448	451	0	817	D2
ASV506	D2_AOB-490-279;size=33	99.777	448	451	0	822	D2
ASV517	D2_AOB-910-5663;size=15	99.33	448	451	0	811	D2
ASV519	D2_AOB-272-295;size=29	99.33	448	451	0	811	D2
ASV527	D2_AOB-910-1414;size=7	99.554	448	451	0	817	D2
ASV533	D2_AOB-490-4058;size=6	99.554	448	451	0	817	D2
ASV536	D2_AOB-910-133;size=77	97.098	448	451	0	756	D2
ASV543	D2_AOB-490-1878;size=6	99.554	448	451	0	817	D2
ASV550	D2_AOB-910-3153;size=11	99.33	448	451	0	811	D2
ASV556	D2_AOB-490-11357;size=5	99.107	448	451	0	806	D2
ASV559	D2_AOB-910-2798;size=19	93.75	448	451	0	673	D2
ASV568	D2_AOB-910-1481;size=17	98.661	448	451	0	795	D2
ASV574	D2_AOB-910-1336;size=11	99.33	448	451	0	811	D2
ASV590	D2_AOB-910-133;size=77	97.098	448	451	0	756	D2
ASV591	D2_AOB-490-1408;size=8	99.33	448	451	0	811	D2
ASV597	D2_AOB-910-2516;size=5	99.554	448	451	0	817	D2
ASV602	D2_AOB-272-13905;size=4	99.33	448	451	0	811	D2
ASV604	D2_AOB-272-13905;size=4	99.554	448	451	0	817	D2
ASV615	D2_AOB-490-1878;size=6	99.107	448	451	0	806	D2
ASV621	D2_AOB-910-338;size=51	99.33	448	451	0	811	D2
ASV626	D2_AOB-272-13905;size=4	99.33	448	451	0	811	D2
ASV628	D2_AOB-910-1142;size=31	99.777	448	451	0	822	D2
ASV630	D2_AOB-910-1414;size=7	99.33	448	451	0	811	D2
ASV633	D2_AOB-490-620;size=71	99.33	448	451	0	811	D2
ASV637	D2_AOB-490-1878;size=6	98.884	448	451	0	800	D2
ASV640	D2_AOB-910-5663;size=15	99.33	448	451	0	811	D2
ASV641	D2_AOB-910-6173;size=2	99.33	448	451	0	811	D2
ASV660	D2_AOB-490-11357;size=5	99.33	448	451	0	811	D2
ASV661	D2_AOB-910-2250;size=10	99.107	448	451	0	806	D2
ASV663	D2_AOB-490-11357;size=5	99.33	448	451	0	811	D2
ASV667	D2_AOB-910-5663;size=15	99.554	448	451	0	817	D2
ASV670	D2_AOB-272-13905;size=4	99.33	448	451	0	811	D2
ASV673	D2_AOB-490-663;size=32	99.554	448	451	0	817	D2
ASV678	D2_AOB-490-663;size=32	99.33	448	451	0	811	D2
ASV689	D2_AOB-490-11357;size=5	99.33	448	451	0	811	D2
ASV699	D2_AOB-272-13905;size=4	99.107	448	451	0	806	D2
ASV701	D2_AOB-490-2265;size=25	98.884	448	451	0	800	D2
ASV707	D2_AOB-490-1878;size=6	99.554	448	451	0	817	D2
ASV712	D2_AOB-272-13905;size=4	99.777	448	451	0	822	D2
ASV714	D2_AOB-490-1878;size=6	99.554	448	451	0	817	D2
ASV719	D2_AOB-910-3153;size=11	99.107	448	451	0	806	D2
ASV720	D2_AOB-272-13905;size=4	99.33	448	451	0	811	D2
ASV723	D2_AOB-490-1408;size=8	99.554	448	451	0	817	D2
ASV725	D2_AOB-272-7489;size=13	99.777	448	451	0	822	D2
ASV729	D2_AOB-490-1626;size=13	99.554	448	451	0	817	D2
ASV736	D2_AOB-157-1523;size=37	93.75	448	451	0	673	D2
ASV740	D2_AOB-490-4058;size=6	99.554	448	451	0	817	D2
ASV741	D2_AOB-910-1142;size=31	99.33	448	451	0	811	D2
ASV743	D2_AOB-272-13905;size=4	99.107	448	451	0	806	D2
ASV744	D2_AOB-910-1414;size=7	99.554	448	451	0	817	D2
ASV748	D2_AOB-490-1878;size=6	99.107	448	451	0	806	D2
ASV760	D2_AOB-910-1142;size=31	99.554	448	451	0	817	D2
ASV761	D2_AOB-910-1142;size=31	100	448	451	0	828	D2
ASV763	D2_AOB-490-3587;size=5	99.777	448	451	0	822	D2
ASV764	D2_AOB-157-1400;size=15	95.759	448	451	0	723	D2
ASV771	D2_AOB-157-1523;size=37	93.304	448	451	0	662	D2
ASV783	D2_AOB-490-1878;size=6	99.33	448	451	0	811	D2
ASV786	D2_AOB-910-1778;size=22	99.33	448	451	0	811	D2
ASV789	D2_AOB-910-2798;size=19	95.536	448	451	0	717	D2
ASV791	D2_AOB-157-1400;size=15	93.527	448	451	0	667	D2
ASV792	D2_AOB-157-1523;size=37	94.42	448	451	0	689	D2
ASV798	D2_AOB-490-1878;size=6	99.33	448	451	0	811	D2
ASV799	D2_AOB-490-1878;size=6	99.554	448	451	0	817	D2
ASV800	D2_AOB-910-3574;size=2	93.973	448	451	0	678	D2
ASV803	D2_AOB-490-1878;size=6	99.33	448	451	0	811	D2
ASV812	D2_AOB-910-133;size=77	97.321	448	451	0	761	D2
ASV813	D2_AOB-910-6803;size=2	97.098	448	451	0	756	D2
ASV815	D2_AOB-910-231;size=22	99.554	448	451	0	817	D2
ASV819	D2_AOB-490-3026;size=5	99.554	448	451	0	817	D2
ASV821	D2_AOB-490-1878;size=6	97.768	448	451	0	773	D2
ASV822	D2_AOB-761-911;size=12	94.643	448	451	0	695	D2
ASV829	D2_AOB-490-464;size=61	98.214	448	451	0	784	D2
ASV832	D2_AOB-490-1878;size=6	99.777	448	451	0	822	D2
ASV835	D2_AOB-490-1878;size=6	99.554	448	451	0	817	D2
ASV841	D2_AOB-157-1400;size=15	95.249	442	445	0	701	D2
ASV848	D2_AOB-157-1400;size=15	93.527	448	451	0	667	D2
ASV849	D2_AOB-910-1481;size=17	94.432	449	451	0	689	D2
ASV851	D2_AOB-490-11357;size=5	97.991	448	451	0	778	D2
ASV854	D2_AOB-910-133;size=77	97.098	448	451	0	756	D2
ASV859	D2_AOB-490-11357;size=5	97.545	448	451	0	767	D2
ASV861	D2_AOB-910-2250;size=10	99.33	448	451	0	811	D2
ASV862	D2_AOB-910-2798;size=19	94.866	448	451	0	701	D2
ASV863	D2_AOB-490-1100;size=9	99.554	448	451	0	817	D2
ASV866	D2_AOB-490-372;size=72	99.33	448	451	0	811	D2
ASV870	D2_AOB-490-1878;size=6	94.655	449	451	0	695	D2
ASV872	D2_AOB-157-1523;size=37	94.196	448	451	0	684	D2
ASV876	D2_AOB-272-13905;size=4	97.964	442	445	0	767	D2
ASV879	D2_AOB-272-13905;size=4	96.38	442	445	0	728	D2
ASV885	D2_AOB-157-1400;size=15	95.759	448	451	0	723	D2
ASV887	D2_AOB-910-133;size=77	96.652	448	451	0	745	D2
ASV897	D2_AOB-910-6803;size=2	96.429	448	451	0	739	D2
ASV900	D2_AOB-157-1523;size=37	94.643	448	451	0	695	D2
ASV902	D2_AOB-157-1523;size=37	93.527	448	451	0	667	D2
ASV904	D2_AOB-910-3153;size=11	99.554	448	451	0	817	D2
ASV918	D2_AOB-910-2798;size=19	95.089	448	451	0	706	D2
ASV924	D2_AOB-157-1400;size=15	95.089	448	449	0	704	D2
ASV925	D2_AOB-968-2427;size=2	97.991	448	451	0	778	D2
ASV926	D2_AOB-910-133;size=77	96.652	448	451	0	745	D2
ASV931	D2_AOB-490-1878;size=6	95.759	448	451	0	723	D2
ASV932	D2_AOB-157-1400;size=15	96.154	442	445	0	723	D2
ASV935	D2_AOB-910-133;size=77	96.875	448	451	0	750	D2
ASV937	D2_AOB-968-2427;size=2	98.214	448	451	0	784	D2
ASV939	D2_AOB-910-133;size=77	95.312	448	451	0	712	D2
ASV945	D2_AOB-157-1400;size=15	96.38	442	445	0	728	D2
ASV948	D2_AOB-910-1414;size=7	99.554	448	451	0	817	D2
ASV959	D2_AOB-490-622;size=44	95.982	448	449	0	726	D2
ASV960	D2_AOB-272-7489;size=13	99.33	448	451	0	811	D2
ASV961	D2_AOB-272-13905;size=4	96.652	448	451	0	745	D2
ASV966	D2_AOB-157-1400;size=15	96.833	442	445	0	739	D2
ASV969	D2_AOB-910-1481;size=17	98.438	448	451	0	789	D2
ASV970	D2_AOB-910-5957;size=2	95.928	442	445	0	717	D2
ASV975	D2_AOB-490-5;size=48	94.643	448	451	0	695	D2
ASV977	D2_AOB-910-338;size=51	96.652	448	451	0	745	D2
ASV982	D2_AOB-157-1400;size=15	95.928	442	445	0	717	D2
ASV984	D2_AOB-490-1878;size=6	97.991	448	451	0	778	D2
ASV985	D2_AOB-272-13905;size=4	96.38	442	445	0	728	D2
ASV987	D2_AOB-272-7489;size=13	96.875	448	451	0	750	D2
ASV992	D2_AOB-910-133;size=77	99.33	448	451	0	811	D2
ASV994	D2_AOB-490-5;size=48	95.759	448	451	0	723	D2
ASV1002	D2_AOB-272-13905;size=4	95.928	442	445	0	717	D2
ASV1006	D2_AOB-490-1878;size=6	95.982	448	451	0	728	D2
ASV1007	D2_AOB-490-11357;size=5	95.759	448	451	0	723	D2
ASV1009	D2_AOB-490-622;size=44	95.759	448	451	0	723	D2
ASV1010	D2_AOB-490-1878;size=6	96.875	448	451	0	750	D2
ASV1013	D2_AOB-272-13905;size=4	96.606	442	445	0	734	D2
ASV1014	D2_AOB-910-133;size=77	96.154	442	445	0	723	D2
ASV1017	D2_AOB-272-7489;size=13	96.652	448	451	0	745	D2
ASV1018	D2_AOB-910-2516;size=5	98.19	442	445	0	773	D2
ASV1020	D2_AOB-910-133;size=77	97.991	448	451	0	778	D2
ASV1028	D2_AOB-272-13905;size=4	97.321	448	451	0	761	D2
ASV1039	D2_AOB-157-2604;size=5	91.314	449	451	4.80E-176	612	D2
ASV1043	D2_AOB-157-1400;size=15	95.701	442	445	0	712	D2
ASV1050	D2_AOB-490-1878;size=6	97.098	448	451	0	756	D2
ASV1051	D2_AOB-968-2427;size=2	95.982	448	451	0	728	D2
ASV1057	D2_AOB-490-4058;size=6	94.796	442	445	0	689	D2
ASV1059	D2_AOB-910-3574;size=2	94.42	448	452	0	689	D2
ASV1069	D2_AOB-157-1400;size=15	90.971	443	445	4.83E-171	595	D2
ASV1071	D2_AOB-968-10335;size=2	95.73	445	448	0	717	D2
ASV1072	D2_AOB-910-6803;size=2	93.213	442	445	0	651	D2
ASV1080	D2_AOB-490-1408;size=8	96.38	442	445	0	728	D2
ASV454	D20_AOB-778-3234;size=20	94.196	448	451	0	684	D20
ASV210	D21_AOB-157-5697;size=3	98.214	448	451	0	784	D21
ASV301	D21_AOB-759-3374;size=9	100	448	451	0	828	D21
ASV462	D21_AOB-49-801;size=2	100	448	451	0	828	D21
ASV481	D21_AOB-490-2250;size=3	100	448	451	0	828	D21
ASV516	D21_AOB-205-4780;size=3	96.652	448	451	0	745	D21
ASV583	D21_AOB-157-5697;size=3	97.991	448	451	0	778	D21
ASV846	D21_AOB-490-2250;size=3	99.107	448	451	0	806	D21
ASV864	D21_AOB-490-2250;size=3	98.884	448	451	0	800	D21
ASV874	D21_AOB-149-4036;size=3	100	448	451	0	828	D21
ASV892	D21_AOB-49-801;size=2	99.776	446	451	0	819	D21
ASV898	D21_AOB-490-2250;size=3	99.554	448	451	0	817	D21
ASV929	D21_AOB-490-2250;size=3	99.33	448	451	0	811	D21
ASV938	D21_AOB-157-5697;size=3	97.991	448	451	0	778	D21
ASV168	D22_AOB-80-10638;size=2	99.33	448	451	0	811	D22
ASV537	D22_AOB-80-10638;size=2	99.107	448	451	0	806	D22
ASV607	D22_AOB-759-5482;size=2	100	448	451	0	828	D22
ASV638	D22_AOB-531-362;size=4	99.554	448	451	0	817	D22
ASV639	D22_AOB-80-10638;size=2	99.107	448	451	0	806	D22
ASV683	D22_AOB-80-10638;size=2	98.884	448	451	0	800	D22
ASV684	D22_AOB-80-10638;size=2	99.107	448	451	0	806	D22
ASV753	D22_AOB-531-362;size=4	99.777	448	451	0	822	D22
ASV765	D22_AOB-531-362;size=4	99.777	448	451	0	822	D22
ASV873	D22_AOB-159-3284;size=4	99.777	448	451	0	822	D22
ASV888	D22_AOB-531-362;size=4	99.776	446	451	0	819	D22
ASV889	D22_AOB-531-362;size=4	99.33	448	451	0	811	D22
ASV913	D22_AOB-531-362;size=4	99.107	448	451	0	806	D22
ASV928	D22_AOB-531-362;size=4	99.552	446	451	0	813	D22
ASV979	D22_AOB-80-10638;size=2	99.103	446	451	0	802	D22
ASV733	D3/D4_AOB-463-6155;size=3	95.536	448	451	0	717	D3/D4
ASV827	D3/D4_AOB-490-698;size=2	91.071	448	451	2.23E-174	606	D3/D4
ASV882	D3/D4_AOB-490-698;size=2	91.295	448	451	4.80E-176	612	D3/D4
ASV988	D3/D4_AOB-448-1858;size=3	97.321	448	451	0	761	D3/D4
ASV1025	D3/D4_AOB-463-5018;size=5	99.548	442	445	0	806	D3/D4
ASV614	D5_AOB-910-5197;size=2	99.107	448	451	0	806	D5
ASV750	D5_AOB-761-2588;size=11	100	448	451	0	828	D5
ASV810	D5_AOB-490-854;size=12	99.777	448	451	0	822	D5
ASV844	D5_AOB-759-1016;size=32	99.777	448	451	0	822	D5
ASV136	D7_AOB-157-9285;size=4	95.089	448	451	0	706	D7
ASV235	D7_AOB-157-9285;size=4	94.643	448	451	0	695	D7
ASV273	D7_AOB-78-3690;size=7	96.429	448	451	0	739	D7
ASV278	D7_AOB-157-9285;size=4	95.089	448	451	0	706	D7
ASV391	D7_AOB-80-2893;size=2	97.098	448	451	0	756	D7
ASV418	D7_AOB-910-5916;size=3	98.661	448	451	0	795	D7
ASV569	D7_AOB-272-1877;size=4	97.321	448	451	0	761	D7
ASV662	D7_AOB-157-9285;size=4	94.866	448	451	0	701	D7
ASV756	D7_AOB-910-5916;size=3	96.205	448	451	0	734	D7
ASV814	D7_AOB-80-1113;size=11	96.205	448	451	0	734	D7
ASV831	D7_AOB-759-975;size=8	99.33	448	451	0	811	D7
ASV990	D7_AOB-531-8259;size=2	93.973	448	451	0	678	D7
ASV1088	D7_AOB-49-10057;size=2	93.527	448	451	0	667	D7
ASV1	D8_AOB-80-344;size=31	100	448	451	0	828	D8
ASV2	D8_AOB-910-238;size=109	100	448	451	0	828	D8
ASV3	D8_AOB-433-363;size=69	100	448	451	0	828	D8
ASV8	D8_AOB-910-238;size=109	100	448	451	0	828	D8
ASV11	D8_AOB-80-2013;size=13	99.777	448	451	0	822	D8
ASV18	D8_AOB-272-2691;size=9	99.777	448	451	0	822	D8
ASV31	D8_AOB-272-3816;size=15	99.777	448	451	0	822	D8
ASV32	D8_AOB-910-238;size=109	99.777	448	451	0	822	D8
ASV34	D8_AOB-78-241;size=373	99.777	448	451	0	822	D8
ASV46	D8_AOB-272-19320;size=3	97.321	448	451	0	761	D8
ASV53	D8_AOB-761-358;size=62	98.884	448	451	0	800	D8
ASV56	D8_AOB-448-5248;size=2	99.107	448	451	0	806	D8
ASV61	D8_AOB-272-19320;size=3	97.545	448	451	0	767	D8
ASV64	D8_AOB-272-19320;size=3	97.098	448	451	0	756	D8
ASV79	D8_AOB-448-5248;size=2	99.107	448	451	0	806	D8
ASV91	D8_AOB-80-1339;size=14	100	448	451	0	828	D8
ASV93	D8_AOB-448-5248;size=2	99.33	448	451	0	811	D8
ASV105	D8_AOB-80-344;size=31	99.777	448	451	0	822	D8
ASV106	D8_AOB-761-358;size=62	98.884	448	451	0	800	D8
ASV109	D8_AOB-272-298;size=160	100	448	451	0	828	D8
ASV111	D8_AOB-80-2211;size=19	100	448	451	0	828	D8
ASV121	D8_AOB-433-363;size=69	99.777	448	451	0	822	D8
ASV125	D8_AOB-49-364;size=20	100	448	451	0	828	D8
ASV127	D8_AOB-272-19320;size=3	97.768	448	451	0	773	D8
ASV135	D8_AOB-910-238;size=109	99.777	448	451	0	822	D8
ASV140	D8_AOB-433-363;size=69	99.777	448	451	0	822	D8
ASV149	D8_AOB-761-358;size=62	99.107	448	451	0	806	D8
ASV150	D8_AOB-80-2013;size=13	99.554	448	451	0	817	D8
ASV172	D8_AOB-78-968;size=28	100	448	451	0	828	D8
ASV173	D8_AOB-761-2209;size=2	100	448	451	0	828	D8
ASV181	D8_AOB-80-16;size=695	100	448	451	0	828	D8
ASV191	D8_AOB-910-238;size=109	99.777	448	451	0	822	D8
ASV205	D8_AOB-433-363;size=69	99.777	448	451	0	822	D8
ASV208	D8_AOB-761-358;size=62	99.107	448	451	0	806	D8
ASV228	D8_AOB-80-2211;size=19	99.777	448	451	0	822	D8
ASV231	D8_AOB-910-537;size=4	99.777	448	451	0	822	D8
ASV248	D8_AOB-761-358;size=62	98.661	448	451	0	795	D8
ASV249	D8_AOB-78-167;size=547	100	448	451	0	828	D8
ASV251	D8_AOB-910-1337;size=32	100	448	451	0	828	D8
ASV254	D8_AOB-761-358;size=62	98.884	448	451	0	800	D8
ASV259	D8_AOB-448-5248;size=2	98.884	448	451	0	800	D8
ASV261	D8_AOB-272-27075;size=3	98.884	448	451	0	800	D8
ASV262	D8_AOB-910-537;size=4	99.554	448	451	0	817	D8
ASV268	D8_AOB-78-167;size=547	100	448	451	0	828	D8
ASV272	D8_AOB-80-186;size=13	100	448	451	0	828	D8
ASV286	D8_AOB-761-358;size=62	98.661	448	451	0	795	D8
ASV293	D8_AOB-761-358;size=62	99.33	448	451	0	811	D8
ASV298	D8_AOB-761-358;size=62	99.33	448	451	0	811	D8
ASV302	D8_AOB-448-5248;size=2	99.107	448	451	0	806	D8
ASV305	D8_AOB-272-48;size=80	100	448	451	0	828	D8
ASV309	D8_AOB-910-238;size=109	99.777	448	451	0	822	D8
ASV314	D8_AOB-761-358;size=62	99.107	448	451	0	806	D8
ASV316	D8_AOB-759-686;size=73	100	448	451	0	828	D8
ASV319	D8_AOB-759-104;size=5	100	448	451	0	828	D8
ASV321	D8_AOB-761-358;size=62	98.661	448	451	0	795	D8
ASV327	D8_AOB-778-316;size=27	98.884	448	451	0	800	D8
ASV341	D8_AOB-448-5248;size=2	98.438	448	451	0	789	D8
ASV344	D8_AOB-448-5248;size=2	99.107	448	451	0	806	D8
ASV346	D8_AOB-761-358;size=62	98.661	448	451	0	795	D8
ASV352	D8_AOB-272-19320;size=3	97.321	448	451	0	761	D8
ASV355	D8_AOB-448-5248;size=2	99.107	448	451	0	806	D8
ASV365	D8_AOB-272-27075;size=3	98.438	448	451	0	789	D8
ASV388	D8_AOB-272-553;size=100	99.777	448	451	0	822	D8
ASV392	D8_AOB-433-363;size=69	99.777	448	451	0	822	D8
ASV425	D8_AOB-531-3635;size=6	100	448	451	0	828	D8
ASV432	D8_AOB-433-363;size=69	99.554	448	451	0	817	D8
ASV435	D8_AOB-272-19320;size=3	97.098	448	451	0	756	D8
ASV459	D8_AOB-759-383;size=240	100	448	451	0	828	D8
ASV475	D8_AOB-272-48;size=80	100	448	451	0	828	D8
ASV483	D8_AOB-761-358;size=62	98.884	448	451	0	800	D8
ASV486	D8_AOB-778-316;size=27	100	448	451	0	828	D8
ASV498	D8_AOB-490-2834;size=3	99.777	448	451	0	822	D8
ASV503	D8_AOB-80-253;size=175	98.884	448	451	0	800	D8
ASV504	D8_AOB-761-358;size=62	99.107	448	451	0	806	D8
ASV514	D8_AOB-531-220;size=116	100	448	451	0	828	D8
ASV521	D8_AOB-761-358;size=62	98.438	448	451	0	789	D8
ASV522	D8_AOB-778-316;size=27	99.777	448	451	0	822	D8
ASV525	D8_AOB-448-5248;size=2	98.884	448	451	0	800	D8
ASV531	D8_AOB-7-682;size=44	100	448	451	0	828	D8
ASV535	D8_AOB-7-682;size=44	99.777	448	451	0	822	D8
ASV545	D8_AOB-80-2211;size=19	99.777	448	451	0	822	D8
ASV547	D8_AOB-78-241;size=373	99.33	448	451	0	811	D8
ASV555	D8_AOB-778-316;size=27	99.777	448	451	0	822	D8
ASV563	D8_AOB-761-358;size=62	99.107	448	451	0	806	D8
ASV571	D8_AOB-448-5248;size=2	99.107	448	451	0	806	D8
ASV572	D8_AOB-448-5248;size=2	99.107	448	451	0	806	D8
ASV587	D8_AOB-910-238;size=109	99.777	448	451	0	822	D8
ASV593	D8_AOB-448-5248;size=2	99.107	448	451	0	806	D8
ASV608	D8_AOB-272-1162;size=12	100	448	451	0	828	D8
ASV613	D8_AOB-272-139;size=54	94.866	448	451	0	701	D8
ASV625	D8_AOB-761-358;size=62	99.33	448	451	0	811	D8
ASV631	D8_AOB-910-537;size=4	99.554	448	451	0	817	D8
ASV644	D8_AOB-759-691;size=47	96.875	448	451	0	750	D8
ASV649	D8_AOB-910-1337;size=32	99.777	448	451	0	822	D8
ASV655	D8_AOB-910-537;size=4	98.214	448	451	0	784	D8
ASV671	D8_AOB-149-2399;size=37	100	448	451	0	828	D8
ASV688	D8_AOB-80-10527;size=2	91.964	448	451	0	628	D8
ASV696	D8_AOB-7-199;size=105	100	448	451	0	828	D8
ASV698	D8_AOB-272-19320;size=3	97.098	448	451	0	756	D8
ASV700	D8_AOB-778-316;size=27	99.554	448	451	0	817	D8
ASV704	D8_AOB-80-10527;size=2	91.964	448	451	0	628	D8
ASV706	D8_AOB-778-316;size=27	99.554	448	451	0	817	D8
ASV713	D8_AOB-761-358;size=62	98.661	448	451	0	795	D8
ASV715	D8_AOB-778-316;size=27	99.777	448	451	0	822	D8
ASV716	D8_AOB-761-358;size=62	98.661	448	451	0	795	D8
ASV745	D8_AOB-80-253;size=175	98.884	448	451	0	800	D8
ASV749	D8_AOB-49-364;size=20	99.33	448	451	0	811	D8
ASV762	D8_AOB-80-10527;size=2	92.188	448	451	0	634	D8
ASV766	D8_AOB-448-5248;size=2	98.884	448	451	0	800	D8
ASV769	D8_AOB-272-139;size=54	95.089	448	451	0	706	D8
ASV775	D8_AOB-761-358;size=62	99.107	448	451	0	806	D8
ASV790	D8_AOB-80-108;size=237	100	448	451	0	828	D8
ASV806	D8_AOB-272-27075;size=3	98.661	448	451	0	795	D8
ASV816	D8_AOB-272-27075;size=3	99.777	448	451	0	822	D8
ASV820	D8_AOB-761-358;size=62	98.438	448	451	0	789	D8
ASV826	D8_AOB-80-10527;size=2	91.518	448	451	1.03E-177	617	D8
ASV871	D8_AOB-80-10527;size=2	91.295	448	451	4.80E-176	612	D8
ASV875	D8_AOB-159-16596;size=4	79.596	446	451	3.26E-88	320	D8
ASV878	D8_AOB-272-4270;size=8	97.098	448	451	0	756	D8
ASV883	D8_AOB-80-10527;size=2	91.071	448	451	2.23E-174	606	D8
ASV919	D8_AOB-80-10527;size=2	91.295	448	451	4.80E-176	612	D8
ASV933	D8_AOB-80-10527;size=2	90.848	448	451	1.04E-172	601	D8
ASV954	D8_AOB-49-789;size=2	92.188	448	451	0	634	D8
ASV980	D8_AOB-1053-8;size=2	96.429	448	451	0	739	D8
ASV991	D8_AOB-80-10527;size=2	90.848	448	451	1.04E-172	601	D8
ASV1003	D8_AOB-272-16768;size=3	93.75	448	451	0	673	D8
ASV1008	D8_AOB-272-31056;size=2	95.312	448	451	0	712	D8
ASV1022	D8_AOB-49-789;size=2	97.768	448	451	0	773	D8
ASV1027	D8_AOB-80-10807;size=4	95.759	448	451	0	723	D8
ASV1030	D8_AOB-531-220;size=116	98.214	448	451	0	784	D8
ASV1038	D8_AOB-272-655;size=5	97.545	448	451	0	767	D8
ASV1046	D8_AOB-49-9068;size=2	94.655	449	451	0	695	D8
ASV1049	D8_AOB-49-10434;size=2	93.08	448	451	0	656	D8
ASV1052	D8_AOB-759-1736;size=3	97.768	448	451	0	773	D8
ASV1067	D8_AOB-80-10078;size=2	91.071	448	451	2.23E-174	606	D8
ASV1068	D8_AOB-80-10078;size=2	91.295	448	451	4.80E-176	612	D8
ASV1073	D8_AOB-272-12594;size=3	95.089	448	451	0	706	D8
ASV1074	D8_AOB-272-139;size=54	96.205	448	451	0	734	D8
ASV1075	D8_AOB-78-1500;size=5	98.438	448	451	0	789	D8
ASV1076	D8_AOB-149-15762;size=3	95.312	448	451	0	712	D8
ASV1077	D8_AOB-759-1736;size=3	95.556	450	451	0	717	D8
ASV1082	D8_AOB-1064-1952;size=2	96.205	448	451	0	734	D8
ASV1085	D8_AOB-759-1736;size=3	98.214	448	451	0	784	D8
ASV1090	D8_AOB-272-4528;size=3	94.42	448	451	0	689	D8
ASV1093	D8_AOB-272-9784;size=4	93.213	442	445	0	651	D8
ASV1094	D8_AOB-272-4528;size=3	95.023	442	445	0	695	D8
ASV192	D9_Nitrosospira_sp._L115_(AY123817)	99.517	414	422	0	754	D9
ASV215	D9_Nitrosospira_multiformis_24C_(AJ298685)	96.86	414	422	0	693	D9
ASV253	D9_Nitrosospira_sp._L115_(AY123817)	99.758	414	422	0	760	D9
ASV260	D9_Nitrosospira_sp._L115_(AY123817)	95.169	414	422	0	654	D9
ASV266	D9_Nitrosospira_sp._L115_(AY123817)	99.758	414	422	0	760	D9
ASV334	D9_Nitrosospira_sp._L115_(AY123817)	95.411	414	422	0	660	D9
ASV337	D9_Nitrosospira_sp._L115_(AY123817)	99.758	414	422	0	760	D9
ASV379	D9_Nitrosospira_sp._L115_(AY123817)	99.517	414	422	0	754	D9
ASV383	D9_Nitrosospira_multiformis_24C_(AJ298685)	96.377	414	422	0	682	D9
ASV464	D9_Nitrosospira_sp._L115_(AY123817)	99.517	414	422	0	754	D9
ASV477	D9_Nitrosospira_sp._L115_(AY123817)	99.275	414	422	0	749	D9
ASV492	D9_Nitrosospira_sp._L115_(AY123817)	99.758	414	422	0	760	D9
ASV494	D9_Nitrosospira_sp._L115_(AY123817)	99.758	414	422	0	760	D9
ASV508	D9_Nitrosospira_sp._L115_(AY123817)	100	414	422	0	765	D9
ASV567	D9_Nitrosospira_multiformis_24C_(AJ298685)	96.377	414	422	0	682	D9
ASV599	D9_Nitrosospira_sp._L115_(AY123817)	99.517	414	422	0	754	D9
ASV664	D9_Nitrosospira_sp._L115_(AY123817)	99.517	414	422	0	754	D9
ASV665	D9_Nitrosospira_sp._L115_(AY123817)	96.135	414	422	0	676	D9
ASV676	D9_Nitrosospira_sp._L115_(AY123817)	99.758	414	422	0	760	D9
ASV693	D9_Nitrosospira_sp._L115_(AY123817)	99.275	414	422	0	749	D9
ASV694	D9_Nitrosospira_sp._L115_(AY123817)	99.275	414	422	0	749	D9
ASV726	D9_Nitrosospira_sp._L115_(AY123817)	99.275	414	422	0	749	D9
ASV727	D9_Nitrosospira_sp._L115_(AY123817)	98.792	414	422	0	737	D9
ASV728	D9_Nitrosospira_sp._L115_(AY123817)	95.652	414	422	0	665	D9
ASV737	D9_Nitrosospira_sp._L115_(AY123817)	96.135	414	422	0	676	D9
ASV747	D9_Nitrosospira_sp._L115_(AY123817)	97.101	414	422	0	699	D9
ASV757	D9_Nitrosospira_sp._L115_(AY123817)	99.517	414	422	0	754	D9
ASV772	D9_Nitrosospira_sp._L115_(AY123817)	99.517	414	422	0	754	D9
ASV776	D9_Nitrosospira_sp._L115_(AY123817)	99.758	414	422	0	760	D9
ASV794	D9_Nitrosospira_sp._L115_(AY123817)	99.517	414	422	0	754	D9
ASV808	D9_Nitrosospira_sp._L115_(AY123817)	99.517	414	422	0	754	D9
ASV817	D9_Nitrosospira_sp._L115_(AY123817)	99.517	414	422	0	754	D9
ASV818	D9_Nitrosospira_sp._L115_(AY123817)	99.758	414	422	0	760	D9
ASV834	D9_Nitrosospira_sp._L115_(AY123817)	95.894	414	422	0	671	D9
ASV836	D9_Nitrosospira_sp._L115_(AY123817)	99.517	414	422	0	754	D9
ASV838	D9_Nitrosospira_sp._L115_(AY123817)	99.758	414	422	0	760	D9
ASV842	D9_Nitrosospira_sp._L115_(AY123817)	99.517	414	422	0	754	D9
ASV847	D9_Nitrosospira_sp._L115_(AY123817)	98.792	414	422	0	737	D9
ASV853	D9_Nitrosospira_sp._L115_(AY123817)	95.411	414	422	0	660	D9
ASV860	D9_Nitrosospira_sp._L115_(AY123817)	100	414	422	0	765	D9
ASV880	D9_Nitrosospira_sp._L115_(AY123817)	95.652	414	422	0	665	D9
ASV881	D9_Nitrosospira_sp._L115_(AY123817)	99.517	414	422	0	754	D9
ASV893	D9_Nitrosospira_sp._L115_(AY123817)	99.275	414	422	0	749	D9
ASV895	D9_Nitrosospira_sp._L115_(AY123817)	98.551	414	422	0	732	D9
ASV911	D9_Nitrosospira_sp._L115_(AY123817)	99.517	414	422	0	754	D9
ASV914	D9_Nitrosospira_multiformis_24C_(AJ298685)	96.135	414	422	0	676	D9
ASV922	D9_Nitrosospira_sp._L115_(AY123817)	95.652	414	422	0	665	D9
ASV943	D9_Nitrosospira_sp._L115_(AY123817)	99.275	414	422	0	749	D9
ASV951	D9_Nitrosospira_sp._L115_(AY123817)	98.309	414	422	0	726	D9
ASV957	D9_Nitrosospira_sp._L115_(AY123817)	95.652	414	422	0	665	D9
ASV962	D9_Nitrosospira_sp._L115_(AY123817)	97.101	414	422	0	699	D9
ASV964	D9_Nitrosospira_multiformis_24C_(AJ298685)	97.343	414	422	0	704	D9
ASV993	D9_Nitrosospira_sp._L115_(AY123817)	96.135	414	422	0	676	D9
ASV1026	D9_Nitrosospira_multiformis_24C_(AJ298685)	94.647	411	419	0	638	D9
ASV1054	D9_Nitrosospira_sp._L115_(AY123817)	97.343	414	422	0	704	D9